COD_SUPPLIER,COD_RANGE,pDiscount,pLowerQuantityDiscount,pUpperQuantityDiscount
BP,g1,0.0,0.0,24614.490400000002
BP,g2,0.3,24614.490523072454,6153622.600000001
VIVA,g1,0.0,0.0,200005.4189999999
VIVA,g2,0.5,200005.42000002702,50001354.74999998
