COD_SUPPLIER,COD_RANGE,pDiscount,pLowerQuantityDiscount,pUpperQuantityDiscount
BP,g1,0.0,0.0,24227.01839999999
BP,g2,0.3,24227.018521135084,6056754.599999998
VIVA,g1,0.0,0.0,120835.47300000003
VIVA,g2,0.5,120835.47360417739,30208868.250000004
