COD_SUPPLIER,COD_RANGE,pDiscount,pLowerQuantityDiscount,pUpperQuantityDiscount
BP,g1,0.0,0.0,14427.338800000001
BP,g2,0.3,14427.338872136695,3606834.7
VIVA,g1,0.0,0.0,75282.788
VIVA,g2,0.5,75282.78837641394,18820697.0
