COD_SUPPLIER,COD_RANGE,pDiscount,pLowerQuantityDiscount,pUpperQuantityDiscount
BP,g1,0.0,0.0,14427.338800000001
BP,g2,0.3,14427.338872136695,3606834.7
VIVA,g1,0.0,0.0,78863.4168
VIVA,g2,0.5,78863.4171943171,19715854.200000003
