COD_SUPPLIER,COD_RANGE,pDiscount,pLowerQuantityDiscount,pUpperQuantityDiscount
BP,g1,0.0,0.0,14427.338800000001
BP,g2,0.3,14427.338872136695,3606834.7
VIVA,g1,0.0,0.0,63303.37520000001
VIVA,g2,0.5,63303.37551651689,15825843.800000003
