COD_VEHICLE,COD_PATH,Start Inventory,Target Inventory,pQuantityVehicles,randomWeight
2LKM-40L,1,40,20,117460,0.4522089279805108
1LKM-20L,1,20,10,100071,0.19263079686222428
2LKM-40L,2,40,20,105686,0.4071872417757735
1LKM-20L,2,20,10,275531,0.5307845293273277
2LKM-40L,3,40,20,15283,0.06877385695501548
1LKM-20L,3,20,10,167561,0.3770236064154493
2LKM-40L,4,40,20,148964,0.6268787757155055
1LKM-20L,4,20,10,21093,0.04438077822776587
