COD_VEHICLE,COD_PATH,Start Inventory,Target Inventory,pQuantityVehicles,randomWeight
2LKM-40L,1,40,20,137454,0.421985869731229
2LKM-40L,2,40,20,175819,0.540178266800785
2LKM-40L,3,40,20,969,0.0034743567302268907
2LKM-40L,4,40,20,139739,0.4689374746970867
2LKM-40L,5,40,20,212063,0.7183830406016513
