COD_VEHICLE,COD_PATH,Start Inventory,Target Inventory,pQuantityVehicles,randomWeight
2LKM-40L,1,40,20,156327,0.4522089279805108
1LKM-20L,1,20,10,133184,0.19263079686222428
2LKM-40L,2,40,20,140657,0.4071872417757735
1LKM-20L,2,20,10,366703,0.5307845293273277
2LKM-40L,3,40,20,20340,0.06877385695501548
1LKM-20L,3,20,10,223007,0.3770236064154493
