COD_VEHICLE,COD_PATH,Start Inventory,Target Inventory,pQuantityVehicles,randomWeight
2LKM-40L,1,40,20,206285,0.421985869731229
2LKM-40L,2,40,20,263863,0.540178266800785
2LKM-40L,3,40,20,1454,0.0034743567302268907
2LKM-40L,4,40,20,209715,0.4689374746970867
