COD_VEHICLE,COD_PATH,Start Inventory,Target Inventory,pQuantityVehicles,randomWeight
2LKM-40L,1,40,20,63814,0.421985869731229
1LKM-20L,1,20,10,277792,0.918484853317985
2LKM-40L,2,40,20,81626,0.540178266800785
1LKM-20L,2,20,10,218685,0.7236029897207052
2LKM-40L,3,40,20,450,0.0034743567302268907
1LKM-20L,3,20,10,236614,0.9144684491781118
2LKM-40L,4,40,20,64875,0.4689374746970867
1LKM-20L,4,20,10,178818,0.6462748430794952
