COD_VEHICLE,COD_PATH,Start Inventory,Target Inventory,pQuantityVehicles,randomWeight
2LKM-40L,1,40,20,84019,0.421985869731229
1LKM-20L,1,20,10,365748,0.918484853317985
2LKM-40L,2,40,20,107471,0.540178266800785
1LKM-20L,2,20,10,287926,0.7236029897207052
2LKM-40L,3,40,20,592,0.0034743567302268907
1LKM-20L,3,20,10,311532,0.9144684491781118
