COD_VEHICLE,COD_PATH,Start Inventory,Target Inventory,pQuantityVehicles,randomWeight
2LKM-40L,1,40,20,306462,0.421985869731229
2LKM-40L,2,40,20,392001,0.540178266800785
2LKM-40L,3,40,20,2159,0.0034743567302268907
