COD_VEHICLE,COD_PATH,Start Inventory,Target Inventory,pQuantityVehicles,randomWeight
2LKM-40L,1,40,20,341668,0.4522089279805108
2LKM-40L,2,40,20,307419,0.4071872417757735
2LKM-40L,3,40,20,44455,0.06877385695501548
