COD_VEHICLE,COD_PATH,Start Inventory,Target Inventory,pQuantityVehicles,randomWeight
2LKM-40L,1,40,20,171191,0.4522089279805108
2LKM-40L,2,40,20,154031,0.4071872417757735
2LKM-40L,3,40,20,22274,0.06877385695501548
2LKM-40L,4,40,20,217105,0.6268787757155055
2LKM-40L,5,40,20,102040,0.2974246703510721
