COD_VEHICLE,COD_PATH,Start Inventory,Target Inventory,pQuantityVehicles,randomWeight
2LKM-40L,1,40,20,203934,0.4522089279805108
2LKM-40L,2,40,20,183491,0.4071872417757735
2LKM-40L,3,40,20,26534,0.06877385695501548
2LKM-40L,4,40,20,258629,0.6268787757155055
