COD_SUPPLIER,COD_RANGE,pDiscount,pLowerQuantityDiscount,pUpperQuantityDiscount
BP,g1,0.0,0.0,11416.495452237717
BP,g2,0.3,11416.495509320195,2854123.8630594295
VIVA,g1,0.0,0.0,207492.96156782506
VIVA,g2,0.5,207492.96260528988,51873240.39195626
