COD_SUPPLIER,COD_RANGE,pDiscount,pLowerQuantityDiscount,pUpperQuantityDiscount
BP,g1,0.0,0.0,34807.02024624683
BP,g2,0.3,34807.02042028193,8701755.061561707
VIVA,g1,0.0,0.0,215425.56595332862
VIVA,g2,0.5,215425.56703045644,53856391.48833215
