COD_SUPPLIER,COD_RANGE,pDiscount,pLowerQuantityDiscount,pUpperQuantityDiscount
BP,g1,0.0,0.0,26628.10653280359
BP,g2,0.3,26628.106665944124,6657026.633200898
VIVA,g1,0.0,0.0,163974.74148598904
VIVA,g2,0.5,163974.74230586275,40993685.37149726
