COD_SUPPLIER,COD_RANGE,pDiscount,pLowerQuantityDiscount,pUpperQuantityDiscount
BP,g1,0.0,0.0,65602.3610782658
BP,g2,0.3,65602.36140627762,16400590.269566452
VIVA,g1,0.0,0.0,415330.9949699219
VIVA,g2,0.5,415330.9970465769,103832748.74248047
