COD_SUPPLIER,COD_RANGE,pDiscount,pLowerQuantityDiscount,pUpperQuantityDiscount
BP,g1,0.0,0.0,259.5961899999988
BP,g2,0.3,259.5961912979798,64899.0474999997
VIVA,g1,0.0,0.0,10621.320061996841
VIVA,g2,0.5,10621.320115103443,2655330.0154992105
