COD_SUPPLIER,COD_RANGE,pDiscount,pLowerQuantityDiscount,pUpperQuantityDiscount
BP,g1,0.0,0.0,740.4782896000041
BP,g2,0.3,740.4782933023955,185119.57240000102
VIVA,g1,0.0,0.0,31018.090435996084
VIVA,g2,0.5,31018.090591086537,7754522.60899902
