COD_SUPPLIER,COD_RANGE,pDiscount,pLowerQuantityDiscount,pUpperQuantityDiscount
BP,g1,0.0,0.0,1488.5742203041007
BP,g2,0.3,1488.5742277469717,372143.55507602514
VIVA,g1,0.0,0.0,48829.35706767044
VIVA,g2,0.5,48829.35731181723,12207339.26691761
