COD_SUPPLIER,COD_RANGE,pDiscount,pLowerQuantityDiscount,pUpperQuantityDiscount
BP,g1,0.0,0.0,3695.9567896964527
BP,g2,0.3,3695.9568081762363,923989.197424113
VIVA,g1,0.0,0.0,126022.89947877215
VIVA,g2,0.5,126022.90010888665,31505724.869693037
