COD_SUPPLIER,COD_RANGE,pDiscount,pLowerQuantityDiscount,pUpperQuantityDiscount
BP,g1,0.0,0.0,17292.402139408714
BP,g2,0.3,17292.402225870723,4323100.534852178
VIVA,g1,0.0,0.0,112439.49347057856
VIVA,g2,0.5,112439.49403277603,28109873.367644638
