COD_SUPPLIER,COD_RANGE,pDiscount,pLowerQuantityDiscount,pUpperQuantityDiscount
BP,g1,0.0,0.0,8130.996217997201
BP,g2,0.3,8130.996258652182,2032749.0544993002
VIVA,g1,0.0,0.0,23628.47903200508
VIVA,g2,0.5,23628.479150147476,5907119.75800127
