COD_SUPPLIER,COD_RANGE,pDiscount,pLowerQuantityDiscount,pUpperQuantityDiscount
BP,g1,0.0,0.0,3058.2963416261246
BP,g2,0.3,3058.296356917606,764574.085406531
VIVA,g1,0.0,0.0,49141.97719462178
VIVA,g2,0.5,49141.97744033166,12285494.298655443
