COD_SUPPLIER,COD_RANGE,pDiscount,pLowerQuantityDiscount,pUpperQuantityDiscount
BP,g1,0.0,0.0,12933.744385575486
BP,g2,0.3,12933.744450244209,3233436.0963938716
VIVA,g1,0.0,0.0,412679.60397150833
VIVA,g2,0.5,412679.60603490635,103169900.99287707
