COD_SUPPLIER,COD_RANGE,pDiscount,pLowerQuantityDiscount,pUpperQuantityDiscount
BP,g1,0.0,0.0,3999.307163018644
BP,g2,0.3,3999.30718301518,999826.790754661
VIVA,g1,0.0,0.0,95027.33116334761
VIVA,g2,0.5,95027.33163848426,23756832.7908369
