COD_SUPPLIER,COD_RANGE,pDiscount,pLowerQuantityDiscount,pUpperQuantityDiscount
BP,g1,0.0,0.0,10082.595317494337
BP,g2,0.3,10082.595367907314,2520648.829373584
VIVA,g1,0.0,0.0,240110.76972443235
VIVA,g2,0.5,240110.7709249862,60027692.43110808
