COD_SUPPLIER,COD_RANGE,pDiscount,pLowerQuantityDiscount,pUpperQuantityDiscount
BP,g1,0.0,0.0,2883.3466284689653
BP,g2,0.3,2883.346642885698,720836.6571172413
VIVA,g1,0.0,0.0,7997.219479531599
VIVA,g2,0.5,7997.219519517696,1999304.8698828996
