COD_SUPPLIER,COD_RANGE,pDiscount,pLowerQuantityDiscount,pUpperQuantityDiscount
BP,g1,0.0,0.0,41228.18699299802
BP,g2,0.3,41228.18719913895,10307046.748249503
VIVA,g1,0.0,0.0,775481.2324140866
VIVA,g2,0.5,775481.2362914927,193870308.10352165
