COD_SUPPLIER,COD_RANGE,pDiscount,pLowerQuantityDiscount,pUpperQuantityDiscount
BP,g1,0.0,0.0,5627.879569807008
BP,g2,0.3,5627.879597946406,1406969.892451752
VIVA,g1,0.0,0.0,184950.14434308064
VIVA,g2,0.5,184950.14526783137,46237536.08577016
