COD_SUPPLIER,COD_RANGE,pDiscount,pLowerQuantityDiscount,pUpperQuantityDiscount
BP,g1,0.0,0.0,19897.083175229072
BP,g2,0.3,19897.08327471449,4974270.793807268
VIVA,g1,0.0,0.0,405712.67609859566
VIVA,g2,0.5,405712.6781271591,101428169.02464892
