COD_SUPPLIER,COD_RANGE,pDiscount,pLowerQuantityDiscount,pUpperQuantityDiscount
BP,g1,0.0,0.0,7540.011049359197
BP,g2,0.3,7540.0110870592525,1885002.7623397992
VIVA,g1,0.0,0.0,211377.0012272261
VIVA,g2,0.5,211377.00228411113,52844250.30680653
