COD_SUPPLIER,COD_RANGE,pDiscount,pLowerQuantityDiscount,pUpperQuantityDiscount
BP,g1,0.0,0.0,12866.13286737549
BP,g2,0.3,12866.132931706155,3216533.216843873
VIVA,g1,0.0,0.0,412747.04931291146
VIVA,g2,0.5,412747.0513766467,103186762.32822785
