COD_SUPPLIER,COD_RANGE,pDiscount,pLowerQuantityDiscount,pUpperQuantityDiscount
BP,g1,0.0,0.0,2581.2744658069787
BP,g2,0.3,2581.274478713351,645318.6164517447
VIVA,g1,0.0,0.0,96445.08641908271
VIVA,g2,0.5,96445.08690130814,24111271.604770675
