COD_SUPPLIER,COD_RANGE,pDiscount,pLowerQuantityDiscount,pUpperQuantityDiscount
BP,g1,0.0,0.0,1569.0409729271469
BP,g2,0.3,1569.0409807723518,392260.2432317867
VIVA,g1,0.0,0.0,50634.94956540892
VIVA,g2,0.5,50634.949818583664,12658737.391352229
