COD_SUPPLIER,COD_RANGE,pDiscount,pLowerQuantityDiscount,pUpperQuantityDiscount
BP,g1,0.0,0.0,5735.2046730374195
BP,g2,0.3,5735.204701713443,1433801.1682593548
VIVA,g1,0.0,0.0,123978.24742371135
VIVA,g2,0.5,123978.2480436026,30994561.855927836
