COD_SUPPLIER,COD_RANGE,pDiscount,pLowerQuantityDiscount,pUpperQuantityDiscount
BP,g1,0.0,0.0,2581.2744658069782
BP,g2,0.3,2581.2744787133506,645318.6164517445
VIVA,g1,0.0,0.0,96445.0972370827
VIVA,g2,0.5,96445.09771930818,24111274.309270673
