COD_SUPPLIER,COD_RANGE,pDiscount,pLowerQuantityDiscount,pUpperQuantityDiscount
BP,g1,0.0,0.0,12648.370586399355
BP,g2,0.3,12648.370649641207,3162092.6465998385
VIVA,g1,0.0,0.0,468217.14565366367
VIVA,g2,0.5,468217.1479947494,117054286.41341592
