COD_SUPPLIER,COD_RANGE,pDiscount,pLowerQuantityDiscount,pUpperQuantityDiscount
BP,g1,0.0,0.0,3695.956789696453
BP,g2,0.3,3695.9568081762372,923989.1974241133
VIVA,g1,0.0,0.0,126023.14971757206
VIVA,g2,0.5,126023.15034768781,31505787.429393012
