COD_SUPPLIER,COD_RANGE,pDiscount,pLowerQuantityDiscount,pUpperQuantityDiscount
BP,g1,0.0,0.0,12709.031185721256
BP,g2,0.3,12709.031249266412,3177257.796430314
VIVA,g1,0.0,0.0,468156.7235209935
VIVA,g2,0.5,468156.7258617771,117039180.88024837
