COD_SUPPLIER,COD_RANGE,pDiscount,pLowerQuantityDiscount,pUpperQuantityDiscount
BP,g1,0.0,0.0,65981.19594764351
BP,g2,0.3,65981.19627754949,16495298.986910878
VIVA,g1,0.0,0.0,359692.8648847749
VIVA,g2,0.5,359692.8666832392,89923216.22119372
