COD_SUPPLIER,COD_RANGE,pDiscount,pLowerQuantityDiscount,pUpperQuantityDiscount
BP,g1,0.0,0.0,20960.070719987765
BP,g2,0.3,20960.07082478812,5240017.679996941
VIVA,g1,0.0,0.0,459902.6684412015
VIVA,g2,0.5,459902.6707407148,114975667.11030036
