COD_SUPPLIER,COD_RANGE,pDiscount,pLowerQuantityDiscount,pUpperQuantityDiscount
BP,g1,0.0,0.0,6805.552005480552
BP,g2,0.3,6805.552039508312,1701388.0013701378
VIVA,g1,0.0,0.0,43517.036649312
VIVA,g2,0.5,43517.036866897186,10879259.162328
