COD_SUPPLIER,COD_RANGE,pDiscount,pLowerQuantityDiscount,pUpperQuantityDiscount
BP,g1,0.0,0.0,122809.13046023385
BP,g2,0.3,122809.1310742795,30702282.615058463
VIVA,g1,0.0,0.0,694018.6763938038
VIVA,g2,0.5,694018.6798638972,173504669.09845093
