COD_SUPPLIER,COD_RANGE,pDiscount,pLowerQuantityDiscount,pUpperQuantityDiscount
BP,g1,0.0,0.0,1488.5742203041011
BP,g2,0.3,1488.5742277469722,372143.55507602525
VIVA,g1,0.0,0.0,48829.35180967046
VIVA,g2,0.5,48829.352053817216,12207337.952417614
