COD_SUPPLIER,COD_RANGE,pDiscount,pLowerQuantityDiscount,pUpperQuantityDiscount
BP,g1,0.0,0.0,1576.6469056258195
BP,g2,0.3,1576.646913509054,394161.72640645487
VIVA,g1,0.0,0.0,30179.175835196856
VIVA,g2,0.5,30179.175986092734,7544793.958799213
