COD_SUPPLIER,COD_RANGE,pDiscount,pLowerQuantityDiscount,pUpperQuantityDiscount
BP,g1,0.0,0.0,462.2670840070559
BP,g2,0.3,462.26708631839136,115566.77100176398
VIVA,g1,0.0,0.0,10417.476469997273
VIVA,g2,0.5,10417.476522084657,2604369.1174993184
