COD_SUPPLIER,COD_RANGE,pDiscount,pLowerQuantityDiscount,pUpperQuantityDiscount
BP,g1,0.0,0.0,14160.481464173125
BP,g2,0.3,14160.481534975532,3540120.366043281
VIVA,g1,0.0,0.0,38045.6971165791
VIVA,g2,0.5,38045.69730680758,9511424.279144773
