COD_SUPPLIER,COD_RANGE,pDiscount,pLowerQuantityDiscount,pUpperQuantityDiscount
BP,g1,0.0,0.0,5627.880605128896
BP,g2,0.3,5627.880633268298,1406970.1512822236
VIVA,g1,0.0,0.0,184950.12641121034
VIVA,g2,0.5,184950.12733596098,46237531.60280258
