COD_SUPPLIER,COD_RANGE,pDiscount,pLowerQuantityDiscount,pUpperQuantityDiscount
BP,g1,0.0,0.0,462.2670840180341
BP,g2,0.3,462.26708632936953,115566.77100450851
VIVA,g1,0.0,0.0,10418.022175997103
VIVA,g2,0.5,10418.022228087215,2604505.5439992757
