COD_SUPPLIER,COD_RANGE,pDiscount,pLowerQuantityDiscount,pUpperQuantityDiscount
BP,g1,0.0,0.0,7540.011049359199
BP,g2,0.3,7540.011087059254,1885002.7623397997
VIVA,g1,0.0,0.0,211376.4775126296
VIVA,g2,0.5,211376.47856951196,52844119.37815739
