COD_SUPPLIER,COD_RANGE,pDiscount,pLowerQuantityDiscount,pUpperQuantityDiscount
BP,g1,0.0,0.0,6269.590243999393
BP,g2,0.3,6269.590275347345,1567397.5609998482
VIVA,g1,0.0,0.0,243927.5118689763
VIVA,g2,0.5,243927.51308861386,60981877.967244074
