COD_SUPPLIER,COD_RANGE,pDiscount,pLowerQuantityDiscount,pUpperQuantityDiscount
BP,g1,0.0,0.0,1439.0234776368036
BP,g2,0.3,1439.023484831921,359755.8694092009
VIVA,g1,0.0,0.0,30317.440967596765
VIVA,g2,0.5,30317.44111918397,7579360.241899191
