COD_SUPPLIER,COD_RANGE,pDiscount,pLowerQuantityDiscount,pUpperQuantityDiscount
BP,g1,0.0,0.0,8987.727649024102
BP,g2,0.3,8987.72769396274,2246931.9122560252
VIVA,g1,0.0,0.0,181590.71080715623
VIVA,g2,0.5,181590.71171510976,45397677.70178905
