COD_SUPPLIER,COD_RANGE,pDiscount,pLowerQuantityDiscount,pUpperQuantityDiscount
BP,g1,0.0,0.0,32473.34447132654
BP,g2,0.3,32473.344633693265,8118336.117831635
VIVA,g1,0.0,0.0,186465.71687356476
VIVA,g2,0.5,186465.71780589336,46616429.21839119
