COD_SUPPLIER,COD_RANGE,pDiscount,pLowerQuantityDiscount,pUpperQuantityDiscount
BP,g1,0.0,0.0,13304.599912803784
BP,g2,0.3,13304.599979326784,3326149.978200946
VIVA,g1,0.0,0.0,85735.54172597973
VIVA,g2,0.5,85735.54215465744,21433885.43149493
