COD_SUPPLIER,COD_RANGE,pDiscount,pLowerQuantityDiscount,pUpperQuantityDiscount
BP,g1,0.0,0.0,3919.77213879981
BP,g2,0.3,3919.772158398671,979943.0346999525
VIVA,g1,0.0,0.0,66089.33395279529
VIVA,g2,0.5,66089.33428324197,16522333.488198824
