COD_SUPPLIER,COD_RANGE,pDiscount,pLowerQuantityDiscount,pUpperQuantityDiscount
BP,g1,0.0,0.0,583.7764999999991
BP,g2,0.3,583.7765029188816,145944.12499999977
VIVA,g1,0.0,0.0,15048.032704000627
VIVA,g2,0.5,15048.03277924079,3762008.1760001564
