COD_SUPPLIER,COD_RANGE,pDiscount,pLowerQuantityDiscount,pUpperQuantityDiscount
BP,g1,0.0,0.0,60702.594944797995
BP,g2,0.3,60702.59524831097,15175648.736199498
VIVA,g1,0.0,0.0,216689.43929747847
VIVA,g2,0.5,216689.44038092566,54172359.82436962
