COD_SUPPLIER,COD_RANGE,pDiscount,pLowerQuantityDiscount,pUpperQuantityDiscount
BP,g1,0.0,0.0,92407.37099239731
BP,g2,0.3,92407.37145443415,23101842.748099323
VIVA,g1,0.0,0.0,400294.82305766456
VIVA,g2,0.5,400294.82505913865,100073705.76441613
