COD_SUPPLIER,COD_RANGE,pDiscount,pLowerQuantityDiscount,pUpperQuantityDiscount
BP,g1,0.0,0.0,18437.557127315515
BP,g2,0.3,18437.5572195033,4609389.281828878
VIVA,g1,0.0,0.0,474093.8532928753
VIVA,g2,0.5,474093.85566334456,118523463.32321882
