COD_SUPPLIER,COD_RANGE,pDiscount,pLowerQuantityDiscount,pUpperQuantityDiscount
BP,g1,0.0,0.0,21998.10741111561
BP,g2,0.3,21998.107521106147,5499526.852778902
VIVA,g1,0.0,0.0,657804.1910571107
VIVA,g2,0.5,657804.1943461315,164451047.76427764
