COD_SUPPLIER,COD_RANGE,pDiscount,pLowerQuantityDiscount,pUpperQuantityDiscount
BP,g1,0.0,0.0,25729.64596679956
BP,g2,0.3,25729.646095447788,6432411.491699889
VIVA,g1,0.0,0.0,466780.80646716413
VIVA,g2,0.5,466780.80880106817,116695201.61679102
