COD_SUPPLIER,COD_RANGE,pDiscount,pLowerQuantityDiscount,pUpperQuantityDiscount
BP,g1,0.0,0.0,18437.55712731555
BP,g2,0.3,18437.55721950334,4609389.281828888
VIVA,g1,0.0,0.0,474093.7725448767
VIVA,g2,0.5,474093.77491534554,118523443.13621917
