COD_SUPPLIER,COD_RANGE,pDiscount,pLowerQuantityDiscount,pUpperQuantityDiscount
BP,g1,0.0,0.0,4861.567421999985
BP,g2,0.3,4861.567446307821,1215391.855499996
VIVA,g1,0.0,0.0,116611.66816599341
VIVA,g2,0.5,116611.66874905177,29152917.04149835
