COD_SUPPLIER,COD_RANGE,pDiscount,pLowerQuantityDiscount,pUpperQuantityDiscount
BP,g1,0.0,0.0,8470.445034315748
BP,g2,0.3,8470.445076667973,2117611.2585789366
VIVA,g1,0.0,0.0,268803.7295003009
VIVA,g2,0.5,268803.7308443195,67200932.37507522
