COD_SUPPLIER,COD_RANGE,pDiscount,pLowerQuantityDiscount,pUpperQuantityDiscount
BP,g1,0.0,0.0,21998.10741111548
BP,g2,0.3,21998.10752110602,5499526.85277887
VIVA,g1,0.0,0.0,657804.335949114
VIVA,g2,0.5,657804.3392381357,164451083.98727852
