COD_SUPPLIER,COD_RANGE,pDiscount,pLowerQuantityDiscount,pUpperQuantityDiscount
BP,g1,0.0,0.0,104660.53403076387
BP,g2,0.3,104660.53455406654,26165133.507690966
VIVA,g1,0.0,0.0,575245.0457475402
VIVA,g2,0.5,575245.0486237654,143811261.43688503
