COD_SUPPLIER,COD_RANGE,pDiscount,pLowerQuantityDiscount,pUpperQuantityDiscount
BP,g1,0.0,0.0,26673.769518101428
BP,g2,0.3,26673.769651470273,6668442.379525356
VIVA,g1,0.0,0.0,653074.2947208087
VIVA,g2,0.5,653074.2979861802,163268573.6802022
