COD_SUPPLIER,COD_RANGE,pDiscount,pLowerQuantityDiscount,pUpperQuantityDiscount
BP,g1,0.0,0.0,7138.895241999862
BP,g2,0.3,7138.895277694339,1784723.8104999654
VIVA,g1,0.0,0.0,244219.05046165382
VIVA,g2,0.5,244219.05168274906,61054762.61541345
