COD_SUPPLIER,COD_RANGE,pDiscount,pLowerQuantityDiscount,pUpperQuantityDiscount
BP,g1,0.0,0.0,4428.203002315781
BP,g2,0.3,4428.203024456797,1107050.7505789453
VIVA,g1,0.0,0.0,173922.9228389082
VIVA,g2,0.5,173922.92370852284,43480730.70972705
