COD_SUPPLIER,COD_RANGE,pDiscount,pLowerQuantityDiscount,pUpperQuantityDiscount
BP,g1,0.0,0.0,2006.673770799881
BP,g2,0.3,2006.6737808332498,501668.4426999702
VIVA,g1,0.0,0.0,42179.28295719886
VIVA,g2,0.5,42179.28316809528,10544820.739299715
