COD_SUPPLIER,COD_RANGE,pDiscount,pLowerQuantityDiscount,pUpperQuantityDiscount
BP,g1,0.0,0.0,9063.600489115654
BP,g2,0.3,9063.600534433655,2265900.122278913
VIVA,g1,0.0,0.0,301660.7289240891
VIVA,g2,0.5,301660.7304323928,75415182.23102228
