COD_SUPPLIER,COD_RANGE,pDiscount,pLowerQuantityDiscount,pUpperQuantityDiscount
BP,g1,0.0,0.0,10566.003259799123
BP,g2,0.3,10566.00331262914,2641500.8149497807
VIVA,g1,0.0,0.0,59457.7099667967
VIVA,g2,0.5,59457.710264085246,14864427.491699174
