COD_SUPPLIER,COD_RANGE,pDiscount,pLowerQuantityDiscount,pUpperQuantityDiscount
BP,g1,0.0,0.0,14369.591245999647
BP,g2,0.3,14369.591317847604,3592397.811499912
VIVA,g1,0.0,0.0,54248.05381599456
VIVA,g2,0.5,54248.05408723482,13562013.453998638
