COD_SUPPLIER,COD_RANGE,pDiscount,pLowerQuantityDiscount,pUpperQuantityDiscount
BP,g1,0.0,0.0,4026.084907915763
BP,g2,0.3,4026.0849280461875,1006521.2269789407
VIVA,g1,0.0,0.0,174323.6740213072
VIVA,g2,0.5,174323.67489292557,43580918.5053268
