COD_SUPPLIER,COD_RANGE,pDiscount,pLowerQuantityDiscount,pUpperQuantityDiscount
BP,g1,0.0,0.0,53712.91717079834
BP,g2,0.3,53712.91743936292,13428229.292699585
VIVA,g1,0.0,0.0,257122.58385467378
VIVA,g2,0.5,257122.58514028668,64280645.963668436
