COD_SUPPLIER,COD_RANGE,pDiscount,pLowerQuantityDiscount,pUpperQuantityDiscount
BP,g1,0.0,0.0,12325.955009199699
BP,g2,0.3,12325.955070829474,3081488.7522999244
VIVA,g1,0.0,0.0,298378.11635837675
VIVA,g2,0.5,298378.1178502673,74594529.08959419
