COD_SUPPLIER,COD_RANGE,pDiscount,pLowerQuantityDiscount,pUpperQuantityDiscount
BP,g1,0.0,0.0,3140.625819999942
BP,g2,0.3,3140.625835703071,785156.4549999854
VIVA,g1,0.0,0.0,118335.74028599176
VIVA,g2,0.5,118335.74087767047,29583935.07149794
