COD_SUPPLIER,COD_RANGE,pDiscount,pLowerQuantityDiscount,pUpperQuantityDiscount
BP,g1,0.0,0.0,1763.0114619998412
BP,g2,0.3,1763.0114708148985,440752.86549996026
VIVA,g1,0.0,0.0,13870.462855999976
VIVA,g2,0.5,13870.46292535229,3467615.7139999936
