COD_SUPPLIER,COD_RANGE,pDiscount,pLowerQuantityDiscount,pUpperQuantityDiscount
BP,g1,0.0,0.0,26202.859767441856
BP,g2,0.3,26202.859898456154,6550714.9418604635
VIVA,g1,0.0,0.0,43848.25056175946
VIVA,g2,0.5,43848.250781000716,10962062.640439864
