COD_SUPPLIER,COD_RANGE,pDiscount,pLowerQuantityDiscount,pUpperQuantityDiscount
BP,g1,0.0,0.0,1401.4116599999927
BP,g2,0.3,1401.411667007051,350352.9149999982
VIVA,g1,0.0,0.0,67187.89903999465
VIVA,g2,0.5,67187.89937593414,16796974.75999866
