COD_SUPPLIER,COD_RANGE,pDiscount,pLowerQuantityDiscount,pUpperQuantityDiscount
BP,g1,0.0,0.0,7138.895241999857
BP,g2,0.3,7138.895277694332,1784723.810499964
VIVA,g1,0.0,0.0,244218.95982165367
VIVA,g2,0.5,244218.96104274844,61054739.95541341
