COD_SUPPLIER,COD_RANGE,pDiscount,pLowerQuantityDiscount,pUpperQuantityDiscount
BP,g1,0.0,0.0,37552.68633279896
BP,g2,0.3,37552.6865205624,9388171.583199741
VIVA,g1,0.0,0.0,140876.85411428413
VIVA,g2,0.5,140876.8548186684,35219213.528571025
