COD_SUPPLIER,COD_RANGE,pDiscount,pLowerQuantityDiscount,pUpperQuantityDiscount
BP,g1,0.0,0.0,7654.9483459157245
BP,g2,0.3,7654.948384190467,1913737.0864789311
VIVA,g1,0.0,0.0,269616.38769749965
VIVA,g2,0.5,269616.38904558157,67404096.92437491
