COD_SUPPLIER,COD_RANGE,pDiscount,pLowerQuantityDiscount,pUpperQuantityDiscount
BP,g1,0.0,0.0,20632.02550599939
BP,g2,0.3,20632.02560915952,5158006.3764998475
VIVA,g1,0.0,0.0,100884.3195239907
VIVA,g2,0.5,100884.3200284123,25221079.880997676
