COD_SUPPLIER,COD_RANGE,pDiscount,pLowerQuantityDiscount,pUpperQuantityDiscount
BP,g1,0.0,0.0,6420.852993599453
BP,g2,0.3,6420.853025703718,1605213.2483998633
VIVA,g1,0.0,0.0,37775.41524559936
VIVA,g2,0.5,37775.41543447644,9443853.81139984
