COD_SUPPLIER,COD_RANGE,pDiscount,pLowerQuantityDiscount,pUpperQuantityDiscount
BP,g1,0.0,0.0,49486.148025590366
BP,g2,0.3,49486.14827302111,12371537.00639759
VIVA,g1,0.0,0.0,1008582.8772171766
VIVA,g2,0.5,1008582.882260091,252145719.30429414
