COD_SUPPLIER,COD_RANGE,pDiscount,pLowerQuantityDiscount,pUpperQuantityDiscount
BP,g1,0.0,0.0,583.7764999999861
BP,g2,0.3,583.7765029188686,145944.1249999965
VIVA,g1,0.0,0.0,15045.841203998476
VIVA,g2,0.5,15045.841279227681,3761460.3009996186
