COD_SUPPLIER,COD_RANGE,pDiscount,pLowerQuantityDiscount,pUpperQuantityDiscount
BP,g1,0.0,0.0,1173.3509399999914
BP,g2,0.3,1173.350945866746,293337.73499999783
VIVA,g1,0.0,0.0,67414.57365599489
VIVA,g2,0.5,67414.57399306777,16853643.413998723
