COD_SUPPLIER,COD_RANGE,pDiscount,pLowerQuantityDiscount,pUpperQuantityDiscount
BP,g1,0.0,0.0,5573.594565599957
BP,g2,0.3,5573.594593467929,1393398.641399989
VIVA,g1,0.0,0.0,172774.60035198572
VIVA,g2,0.5,172774.6012158587,43193650.08799642
