COD_SUPPLIER,COD_RANGE,pDiscount,pLowerQuantityDiscount,pUpperQuantityDiscount
BP,g1,0.0,0.0,3140.625819999942
BP,g2,0.3,3140.625835703071,785156.4549999854
VIVA,g1,0.0,0.0,118335.72464599175
VIVA,g2,0.5,118335.72523767037,29583931.161497936
