COD_SUPPLIER,COD_RANGE,pDiscount,pLowerQuantityDiscount,pUpperQuantityDiscount
BP,g1,0.0,0.0,17095.774707843168
BP,g2,0.3,17095.774793322038,4273943.676960791
VIVA,g1,0.0,0.0,27117.8109981609
VIVA,g2,0.5,27117.811133749954,6779452.749540225
