COD_SUPPLIER,COD_RANGE,pDiscount,pLowerQuantityDiscount,pUpperQuantityDiscount
BP,g1,0.0,0.0,2072.971428399958
BP,g2,0.3,2072.971438764815,518242.8570999894
VIVA,g1,0.0,0.0,42116.84176159947
VIVA,g2,0.5,42116.84197218368,10529210.440399867
