COD_SUPPLIER,COD_RANGE,pDiscount,pLowerQuantityDiscount,pUpperQuantityDiscount
BP,g1,0.0,0.0,175250.00727665095
BP,g2,0.3,175250.008152901,43812501.819162734
VIVA,g1,0.0,0.0,883055.6271695134
VIVA,g2,0.5,883055.6315847915,220763906.79237834
