COD_SUPPLIER,COD_RANGE,pDiscount,pLowerQuantityDiscount,pUpperQuantityDiscount
BP,g1,0.0,0.0,6304.508631998179
BP,g2,0.3,6304.508663520723,1576127.1579995449
VIVA,g1,0.0,0.0,9336.58276400189
VIVA,g2,0.5,9336.582810684806,2334145.6910004728
