COD_SUPPLIER,COD_RANGE,pDiscount,pLowerQuantityDiscount,pUpperQuantityDiscount
BP,g1,0.0,0.0,11322.840678199886
BP,g2,0.3,11322.84073481409,2830710.1695499714
VIVA,g1,0.0,0.0,265949.8521883776
VIVA,g2,0.5,265949.8535181268,66487463.04709439
