COD_SUPPLIER,COD_RANGE,pDiscount,pLowerQuantityDiscount,pUpperQuantityDiscount
BP,g1,0.0,0.0,37323.30954925263
BP,g2,0.3,37323.30973586918,9330827.387313157
VIVA,g1,0.0,0.0,214074.4780549266
VIVA,g2,0.5,214074.479125299,53518619.51373165
