COD_SUPPLIER,COD_RANGE,pDiscount,pLowerQuantityDiscount,pUpperQuantityDiscount
BP,g1,0.0,0.0,9578.789967999928
BP,g2,0.3,9578.790015893877,2394697.491999982
VIVA,g1,0.0,0.0,241765.3546176552
VIVA,g2,0.5,241765.35582648197,60441338.6544138
