COD_SUPPLIER,COD_RANGE,pDiscount,pLowerQuantityDiscount,pUpperQuantityDiscount
BP,g1,0.0,0.0,19369.096108895978
BP,g2,0.3,19369.096205741458,4842274.027223994
VIVA,g1,0.0,0.0,157532.70941014925
VIVA,g2,0.5,157532.7101978128,39383177.352537304
