COD_SUPPLIER,COD_RANGE,pDiscount,pLowerQuantityDiscount,pUpperQuantityDiscount
BP,g1,0.0,0.0,11185.946691978657
BP,g2,0.3,11185.94674790839,2796486.6729946644
VIVA,g1,0.0,0.0,78068.20032390553
VIVA,g2,0.5,78068.20071424653,19517050.080976382
