COD_SUPPLIER,COD_RANGE,pDiscount,pLowerQuantityDiscount,pUpperQuantityDiscount
BP,g1,0.0,0.0,1001.5264159999979
BP,g2,0.3,1001.52642100763,250381.60399999947
VIVA,g1,0.0,0.0,17140.748685999988
VIVA,g2,0.5,17140.748771703733,4285187.171499997
