COD_SUPPLIER,COD_RANGE,pDiscount,pLowerQuantityDiscount,pUpperQuantityDiscount
BP,g1,0.0,0.0,3177.1586879999622
BP,g2,0.3,3177.1587038857556,794289.6719999905
VIVA,g1,0.0,0.0,14967.581541999927
VIVA,g2,0.5,14967.581616837835,3741895.3854999817
