COD_SUPPLIER,COD_RANGE,pDiscount,pLowerQuantityDiscount,pUpperQuantityDiscount
BP,g1,0.0,0.0,4522.681422159024
BP,g2,0.3,4522.681444772432,1130670.3555397561
VIVA,g1,0.0,0.0,172353.43633551436
VIVA,g2,0.5,172353.43719728154,43088359.083878584
