COD_SUPPLIER,COD_RANGE,pDiscount,pLowerQuantityDiscount,pUpperQuantityDiscount
BP,g1,0.0,0.0,1133.7959133118713
BP,g2,0.3,1133.795918980851,283448.9783279678
VIVA,g1,0.0,0.0,88106.16666415648
VIVA,g2,0.5,88106.16710468731,22026541.666039117
