COD_SUPPLIER,COD_RANGE,pDiscount,pLowerQuantityDiscount,pUpperQuantityDiscount
BP,g1,0.0,0.0,1133.7959133118727
BP,g2,0.3,1133.7959189808523,283448.9783279682
VIVA,g1,0.0,0.0,88106.50810415644
VIVA,g2,0.5,88106.50854468899,22026627.02603911
