COD_SUPPLIER,COD_RANGE,pDiscount,pLowerQuantityDiscount,pUpperQuantityDiscount
BP,g1,0.0,0.0,314.49068199999937
BP,g2,0.3,314.4906835724528,78622.67049999983
VIVA,g1,0.0,0.0,17826.282778000004
VIVA,g2,0.5,17826.282867131416,4456570.6945
