COD_SUPPLIER,COD_RANGE,pDiscount,pLowerQuantityDiscount,pUpperQuantityDiscount
BP,g1,0.0,0.0,432.0763859999994
BP,g2,0.3,432.0763881603813,108019.09649999984
VIVA,g1,0.0,0.0,17709.114436009353
VIVA,g2,0.5,17709.114524554923,4427278.609002338
