COD_SUPPLIER,COD_RANGE,pDiscount,pLowerQuantityDiscount,pUpperQuantityDiscount
BP,g1,0.0,0.0,24227.01839999999
BP,g2,0.3,24227.018521135084,6056754.599999998
VIVA,g1,0.0,0.0,186148.14500000002
VIVA,g2,0.5,186148.14593074075,46537036.25000001
