COD_SUPPLIER,COD_RANGE,pDiscount,pLowerQuantityDiscount,pUpperQuantityDiscount
BP,g1,0.0,0.0,14744.078800000018
BP,g2,0.3,14744.078873720413,3686019.7000000044
VIVA,g1,0.0,0.0,89421.58839999996
VIVA,g2,0.5,89421.58884710791,22355397.09999999
