COD_SUPPLIER,COD_RANGE,pDiscount,pLowerQuantityDiscount,pUpperQuantityDiscount
BP,g1,0.0,0.0,36278.4194
BP,g2,0.3,36278.419581392096,9069604.85
VIVA,g1,0.0,0.0,139559.9222
VIVA,g2,0.5,139559.9228977996,34889980.55
