COD_SUPPLIER,COD_RANGE,pDiscount,pLowerQuantityDiscount,pUpperQuantityDiscount
BP,g1,0.0,0.0,36278.41940000002
BP,g2,0.3,36278.41958139212,9069604.850000005
VIVA,g1,0.0,0.0,117579.05579999997
VIVA,g2,0.5,117579.05638789525,29394763.94999999
