COD_SUPPLIER,COD_RANGE,pDiscount,pLowerQuantityDiscount,pUpperQuantityDiscount
BP,g1,0.0,0.0,14744.078799999996
BP,g2,0.3,14744.07887372039,3686019.6999999983
VIVA,g1,0.0,0.0,78604.91960000001
VIVA,g2,0.5,78604.9199930246,19651229.9
