COD_SUPPLIER,COD_RANGE,pDiscount,pLowerQuantityDiscount,pUpperQuantityDiscount
BP,g1,0.0,0.0,14744.078800000018
BP,g2,0.3,14744.078873720413,3686019.7000000044
VIVA,g1,0.0,0.0,75474.17559999997
VIVA,g2,0.5,75474.17597737085,18868543.89999999
