COD_SUPPLIER,COD_RANGE,pDiscount,pLowerQuantityDiscount,pUpperQuantityDiscount
BP,g1,0.0,0.0,24227.01839999999
BP,g2,0.3,24227.018521135084,6056754.599999998
VIVA,g1,0.0,0.0,106784.80580000003
VIVA,g2,0.5,106784.80633392405,26696201.450000003
