COD_SUPPLIER,COD_RANGE,pDiscount,pLowerQuantityDiscount,pUpperQuantityDiscount
BP,g1,0.0,0.0,36278.41939999999
BP,g2,0.3,36278.41958139209,9069604.849999998
VIVA,g1,0.0,0.0,218436.19779999994
VIVA,g2,0.5,218436.19889218092,54609049.44999998
