COD_SUPPLIER,COD_RANGE,pDiscount,pLowerQuantityDiscount,pUpperQuantityDiscount
BP,g1,0.0,0.0,14744.078799999996
BP,g2,0.3,14744.07887372039,3686019.6999999983
VIVA,g1,0.0,0.0,162659.09119999997
VIVA,g2,0.5,162659.09201329542,40664772.79999999
