COD_SUPPLIER,COD_RANGE,pDiscount,pLowerQuantityDiscount,pUpperQuantityDiscount
BP,g1,0.0,0.0,14744.078799999996
BP,g2,0.3,14744.07887372039,3686019.6999999983
VIVA,g1,0.0,0.0,92552.3324
VIVA,g2,0.5,92552.33286276166,23138083.099999998
