COD_SUPPLIER,COD_RANGE,pDiscount,pLowerQuantityDiscount,pUpperQuantityDiscount
BP,g1,0.0,0.0,36278.41940000002
BP,g2,0.3,36278.41958139212,9069604.850000005
VIVA,g1,0.0,0.0,206975.07859999998
VIVA,g2,0.5,206975.07963487538,51743769.64999999
