COD_SUPPLIER,COD_RANGE,pDiscount,pLowerQuantityDiscount,pUpperQuantityDiscount
BP,g1,0.0,0.0,36278.4194
BP,g2,0.3,36278.419581392096,9069604.85
VIVA,g1,0.0,0.0,218676.8186
VIVA,g2,0.5,218676.81969338408,54669204.64999999
